Code,Product,Tokens,Claimed,Claimed By,TX Hash
USV-B1F6-3E6B-4662,ultra_smooth_blue,1000,No,,
USV-0DE0-305D-B7BD,ultra_smooth_blue,1000,No,,
USV-4110-1B45-D2FB,ultra_smooth_blue,1000,No,,
USV-0D47-2CC8-F0D2,ultra_smooth_blue,1000,No,,
USV-F809-A324-6405,ultra_smooth_blue,1000,No,,
USV-D5B3-0C8B-B85E,ultra_smooth_blue,1000,No,,
USV-A797-2B42-242E,ultra_smooth_blue,1000,No,,
USV-1E0D-A3E8-C700,ultra_smooth_blue,1000,No,,
USV-28D0-A94F-BD66,ultra_smooth_blue,1000,No,,
USV-4156-E639-621E,ultra_smooth_blue,1000,No,,